message,utc_date
default msg,2026-02-02 08:47:17.457392
default msg,2026-02-02 08:52:59.870882
default msg,2026-02-05 21:43:55.978121
default msg,2026-02-06 14:24:36.683068
default msg,2026-02-09 09:10:10.398436
default msg,2026-02-09 09:10:26.908618
default msg,2026-02-09 09:10:43.653855
default msg,2026-02-13 09:05:11.565676
default msg,2026-03-06 18:46:14.034352
default msg,2026-03-18 21:57:10.424405
default msg,2026-03-23 08:12:18.894180
default msg,2026-03-29 00:21:01.734239
default msg,2026-04-11 11:17:33.256590
default msg,2026-04-29 22:59:48.658416
default msg,2026-05-18 08:12:40.611770
default msg,2026-05-20 22:39:25.768709
default msg,2026-05-23 16:06:46.304494
default msg,2026-05-26 21:15:53.068785
default msg,2026-06-02 08:48:17.529083
default msg,2026-06-08 08:53:52.848279
default msg,2026-06-15 08:40:09.887137
